strategy,threshold,auc,f1,precision,recall
fixed_0.5,0.5,0.5355774695883678,0.0,0.0,0.0
fixed_0.3,0.3,0.5355774695883678,0.0,0.0,0.0
median_midpoint,0.5,0.5355774695883678,0.0,0.0,0.0
optimal_f1,0.5,0.5355774695883678,0.0,0.0,0.0
