{
  "dataset": "iceid",
  "protocol": "candidate_graph_token_blocking",
  "subset_records": 11183,
  "subset_persons": 3000,
  "pairs_scored": 2000,
  "pos_rate": 0.009,
  "threshold": 0.5,
  "auc": 0.45916021975557797,
  "precision": 0.0,
  "recall": 0.0,
  "f1": 0.0,
  "p_at_k": 0.1111111111111111,
  "r_at_k": 0.1111111111111111,
  "ari_cc": 0.0033191137956263875,
  "b3_precision": 0.8284486376531603,
  "b3_recall": 0.37872307727444765,
  "b3_f1": 0.5198143951453401,
  "time_block_s": 1.8125629425048828,
  "time_fit_s": 60.387208461761475,
  "time_score_s": 30.851738452911377,
  "rss_mb_after_block": 915.41015625,
  "rss_mb_after_fit": 981.703125,
  "rss_mb_after_score": 981.703125
}