dataset,model,f1,time,status
abt_buy,ditto,0.5245202558635395,66.25159001350403,completed
amazon_google,ditto,0.7318007662835249,58.86989712715149,completed
dblp_acm,ditto,0.9702315325248071,76.76887607574463,completed
dblp_scholar,ditto,0.9397810218978102,155.65705275535583,completed
walmart_amazon,ditto,0.5561694290976059,62.8964946269989,completed
beer,ditto,0.26666666666666666,8.241919040679932,completed
fodors_zagats,ditto,0.9767441860465116,10.780210494995117,completed
itunes_amazon,ditto,0.5945945945945946,9.450244665145874,completed
