ablation,f1,precision,recall,auc,accuracy,threshold,time_s,n_test,n_pos,delta_f1
Full model,0.9938239835306227,0.9953608247422681,0.9922918807810894,0.9983720517360166,0.9958129797627355,0.5000000000869596,0.69,5732,1946,0.0
- Name judgments,0.9156164383561645,0.9806338028169014,0.8586844809866393,0.9957664386941885,0.9462665736217725,0.5000352378559575,0.67,5732,1946,-0.07820754517445827
- Birthyear judgments,0.9935649935649936,0.9953584321815369,0.9917780061664954,0.9981259728463551,0.9956385205861829,0.5000000033394313,0.67,5732,1946,-0.00025898996562911947
- Sex judgments,0.9938239835306227,0.9953608247422681,0.9922918807810894,0.9988082886645178,0.9958129797627355,0.5000000000429831,0.67,5732,1946,0.0
- Geographic judgments,0.9901808785529715,0.9958419958419958,0.9845837615621789,0.9982686253080397,0.9933705512909979,0.499999980735036,0.59,5732,1946,-0.0036431049776511903
- Census year (heimild),0.9938239835306227,0.9953608247422681,0.9922918807810894,0.9983394764831105,0.9958129797627355,0.5000000001158327,0.68,5732,1946,0.0
