strategy,auc,f1,precision,recall,threshold,n,pos_rate
fixed_0.5,0.9999335303054679,0.9945370902817712,0.9988449321397632,0.9902662467792729,0.5,10479,0.3333333333333333
train_threshold,0.9999335303054679,0.9956983080011471,0.9974145360528583,0.9939879759519038,0.1,10479,0.3333333333333333
tuned_on_val,0.9999335303054679,0.9958458673542473,0.9965596330275229,0.9951331233896364,0.05,10479,0.3333333333333333
platt,0.9999335303054679,0.994826099453866,0.9988455988455989,0.9908388204981391,0.5,10479,0.3333333333333333
isotonic,0.9999311944407403,0.9958458673542473,0.9965596330275229,0.9951331233896364,0.5,10479,0.3333333333333333
