dataset,protocol,subset_records,subset_persons,pairs_scored,pos_rate,threshold,auc,precision,recall,f1,p_at_k,r_at_k,ari_cc,b3_precision,b3_recall,b3_f1,time_block_s,time_fit_s,time_score_s,rss_mb_after_block,rss_mb_after_fit,rss_mb_after_score
iceid,candidate_graph_token_blocking,7060,3000,407934,0.012727549064309422,0.16,0.9997871732474962,0.31002748894466353,0.9992295839753467,0.473228130986044,0.9614791987673343,0.9614791987673343,0.00038008132392216713,0.21785770120931724,0.9969688385269122,0.3575775342971274,0.547064419995877,144.72794660199725,382.95910545899824,1140.05859375,1140.05859375,1140.05859375
