dataset,protocol,auc,f1,precision,recall,threshold,n,pos_rate,random_auc
iceid,temporal_split_hard_neg,0.9999335303054679,0.9958458673542473,0.9965596330275229,0.9951331233896364,0.05,10479,0.3333333333333333,0.5017157950927007
abt_buy,deepmatcher_split,0.4655638604318044,0.08596713021491782,0.053125,0.2251655629139073,0.1,2250,0.06711111111111111,0.45778973904318987
amazon_google,deepmatcher_split,0.5021934048369894,0.11139240506329114,0.07062600321027288,0.2634730538922156,0.1,2250,0.07422222222222222,0.45407504721713565
dblp_acm,deepmatcher_split,0.4935581743030517,0.25464834276475345,0.14705882352941177,0.9487951807228916,0.14,2250,0.14755555555555555,0.459287096247346
dblp_scholar,deepmatcher_split,0.49915844698043177,0.519134775374376,0.3531009506564056,0.9798994974874372,0.36,2250,0.3537777777777778,0.48720044514180255
itunes_amazon,deepmatcher_split,0.4358213965980304,0.013961605584642234,0.00718132854578097,0.25,0.24000000000000002,2250,0.0071111111111111115,0.4708482542524619
walmart_amazon,deepmatcher_split,0.5015418554052372,0.10064516129032258,0.061514195583596214,0.2765957446808511,0.1,2250,0.06266666666666666,0.471885098984763
beer,deepmatcher_split,0.42424017055877833,0.006920415224913495,0.0035149384885764497,0.2222222222222222,0.47,2250,0.004,0.39788784768704444
fodors_zagats,deepmatcher_split,0.9899732620320855,0.25,0.15,0.75,0.9,1500,0.0026666666666666666,0.6218248663101604
